# Redirection de la version sans www vers la version avec www
http://iptvsmarterpros.com/* https://www.iptvsmarterpros.com/:splat 301!
https://iptvsmarterpros.com/* https://www.iptvsmarterpros.com/:splat 301!

# Redirection des URLs avec slash final vers celles sans slash final (sauf pour les dossiers)
https://www.iptvsmarterpros.com/*/ https://www.iptvsmarterpros.com/:splat 301!

# Redirection de index.html vers la racine (plus propre pour les moteurs de recherche)
/index.html / 301!

# Redirection des anciennes URLs du blog vers les pages individuelles (non vers la page principale)
/blog/tendances-streaming-2025.html /blog/tendances-streaming-2025.html 200
/blog/eliminer-buffering-iptv.html /blog/eliminer-buffering-iptv.html 200
/blog/guide-epg-iptv.html /blog/guide-epg-iptv.html 200

# Redirection des anciennes URLs d'offres avec paramètres vers les nouvelles URLs canoniques
/offer-details.html?product=Premium_IPTV_3_mois /offres/premium-3-mois/ 301!
/offer-details.html?product=Premium_IPTV_6_mois /offres/premium-6-mois/ 301!
/offer-details.html?product=Premium_IPTV_12_mois /offres/premium-12-mois/ 301!

# Page 404 personnalisée
/* /404.html 404

# Empêcher l'accès direct aux fichiers de template (si applicable)
/templates/* /index.html 404 